"NAME","DATE","VALUE","ENDOGENIZE","TRANSFORM"
"yy_cons_hhf_exp",2024,3.92798714171239,"yy_cons_hhf_exp_res","pct"
"yy_cons_hhf_exp",2025,1.4597135126819,"yy_cons_hhf_exp_res","pct"
"yy_cons_hhf_exp",2026,3.62303170018785,"yy_cons_hhf_exp_res","pct"
"yy_cons_hhf_exp",2027,1.85196594763295,"yy_cons_hhf_exp_res","pct"
"yy_cons_hhf_exp",2028,0.670904945071444,"yy_cons_hhf_exp_res","pct"
"yy_cons_hhf_exp",2029,0.266779574573772,"yy_cons_hhf_exp_res","pct"
"yy_md_ener",2008,13.053348982084,"yy_md_ener_res","pct"
"yy_md_ener",2009,1.49612119131286,"yy_md_ener_res","pct"
"yy_md_ener",2010,8.49429536257262,"yy_md_ener_res","pct"
"yy_md_ener",2011,9.16145856279311,"yy_md_ener_res","pct"
"yy_md_ener",2012,3.29845010179118,"yy_md_ener_res","pct"
"yy_md_ener",2013,4.19758224788165,"yy_md_ener_res","pct"
"yy_md_ener",2014,2.89142823357254,"yy_md_ener_res","pct"
"yy_md_ener",2015,2.51496968126868,"yy_md_ener_res","pct"
"yy_md_ener",2016,4.15541083348476,"yy_md_ener_res","pct"
"yy_md_ener",2017,7.80327331241909,"yy_md_ener_res","pct"
"yy_md_ener",2018,6.48066225991505,"yy_md_ener_res","pct"
"yy_md_ener",2019,6.34127663932634,"yy_md_ener_res","pct"
"yy_md_ener",2020,-1.78851789990847,"yy_md_ener_res","pct"
"yy_md_ener",2021,15.3049364606479,"yy_md_ener_res","pct"
"yy_md_ener",2022,16.8328055074412,"yy_md_ener_res","pct"
"yy_md_ener",2023,6.26330769227603,"yy_md_ener_res","pct"
"yy_md_ener",2024,4.12554001219133,"yy_md_ener_res","pct"
"yy_md_ener",2025,2.88976486021325,"yy_md_ener_res","pct"
"yy_md_ener",2026,6.67298259045133,"yy_md_ener_res","pct"
"yy_md_ener",2027,5.23080618618725,"yy_md_ener_res","pct"
"yy_md_ener",2028,3.86262083159431,"yy_md_ener_res","pct"
"yy_md_ener",2029,3.96139702927593,"yy_md_ener_res","pct"
"yy_energy_petr_ind_ratio_ind_cons",2023,29.7586410189172,"yy_energy_petr_ind_ratio_ind_cons_res",""
"yy_energy_petr_ind_ratio_ind_cons",2024,29.6586410189172,"yy_energy_petr_ind_ratio_ind_cons_res",""
"yy_energy_petr_ind_ratio_ind_cons",2025,29.5586410189172,"yy_energy_petr_ind_ratio_ind_cons_res",""
"yy_energy_petr_ind_ratio_ind_cons",2026,29.4586410189172,"yy_energy_petr_ind_ratio_ind_cons_res",""
"yy_energy_petr_ind_ratio_ind_cons",2027,29.3586410189172,"yy_energy_petr_ind_ratio_ind_cons_res",""
"yy_energy_petr_ind_ratio_ind_cons",2028,29.2586410189171,"yy_energy_petr_ind_ratio_ind_cons_res",""
"yy_energy_petr_ind_ratio_ind_cons",2029,29.1586410189171,"yy_energy_petr_ind_ratio_ind_cons_res",""
"yy_energy_petr_ind_ratio_ind_cons",2030,29.0586410189171,"yy_energy_petr_ind_ratio_ind_cons_res",""
"yy_energy_petr_ind_ratio_ind_cons",2031,28.9586410189171,"yy_energy_petr_ind_ratio_ind_cons_res",""
"yy_energy_petr_ind_ratio_ind_cons",2032,28.8586410189171,"yy_energy_petr_ind_ratio_ind_cons_res",""
"yy_energy_petr_ind_ratio_ind_cons",2033,28.7586410189171,"yy_energy_petr_ind_ratio_ind_cons_res",""
"yy_energy_petr_ind_ratio_ind_cons",2034,28.6586410189171,"yy_energy_petr_ind_ratio_ind_cons_res",""
"yy_energy_petr_biof_trans_ratio_trans_cons",2023,96.7361359084369,"yy_energy_petr_biof_trans_ratio_trans_cons_res",""
"yy_energy_petr_biof_trans_ratio_trans_cons",2024,96.5861359084369,"yy_energy_petr_biof_trans_ratio_trans_cons_res",""
"yy_energy_petr_biof_trans_ratio_trans_cons",2025,96.4361359084369,"yy_energy_petr_biof_trans_ratio_trans_cons_res",""
"yy_energy_petr_biof_trans_ratio_trans_cons",2026,96.2361359084369,"yy_energy_petr_biof_trans_ratio_trans_cons_res",""
"yy_energy_petr_biof_trans_ratio_trans_cons",2027,96.0361359084369,"yy_energy_petr_biof_trans_ratio_trans_cons_res",""
"yy_energy_petr_biof_trans_ratio_trans_cons",2028,95.8361359084369,"yy_energy_petr_biof_trans_ratio_trans_cons_res",""
"yy_energy_petr_biof_trans_ratio_trans_cons",2029,95.5361359084369,"yy_energy_petr_biof_trans_ratio_trans_cons_res",""
"yy_energy_petr_biof_trans_ratio_trans_cons",2030,95.2361359084369,"yy_energy_petr_biof_trans_ratio_trans_cons_res",""
"yy_energy_petr_biof_trans_ratio_trans_cons",2031,94.9361359084369,"yy_energy_petr_biof_trans_ratio_trans_cons_res",""
"yy_energy_petr_biof_trans_ratio_trans_cons",2032,94.5361359084369,"yy_energy_petr_biof_trans_ratio_trans_cons_res",""
"yy_energy_petr_biof_trans_ratio_trans_cons",2033,94.1361359084369,"yy_energy_petr_biof_trans_ratio_trans_cons_res",""
"yy_energy_petr_biof_trans_ratio_trans_cons",2034,93.7361359084369,"yy_energy_petr_biof_trans_ratio_trans_cons_res",""
"yy_energy_petr_resi_ratio_resi_cons",2023,2.11552612490021,"yy_energy_petr_resi_ratio_resi_cons_res",""
"yy_energy_petr_resi_ratio_resi_cons",2024,2.11552612490021,"yy_energy_petr_resi_ratio_resi_cons_res",""
"yy_energy_petr_resi_ratio_resi_cons",2025,2.11552612490021,"yy_energy_petr_resi_ratio_resi_cons_res",""
"yy_energy_petr_resi_ratio_resi_cons",2026,2.11552612490021,"yy_energy_petr_resi_ratio_resi_cons_res",""
"yy_energy_petr_resi_ratio_resi_cons",2027,2.11552612490021,"yy_energy_petr_resi_ratio_resi_cons_res",""
"yy_energy_petr_resi_ratio_resi_cons",2028,2.11552612490021,"yy_energy_petr_resi_ratio_resi_cons_res",""
"yy_energy_petr_resi_ratio_resi_cons",2029,2.11552612490021,"yy_energy_petr_resi_ratio_resi_cons_res",""
"yy_energy_petr_resi_ratio_resi_cons",2030,2.11552612490021,"yy_energy_petr_resi_ratio_resi_cons_res",""
"yy_energy_petr_resi_ratio_resi_cons",2031,2.11552612490021,"yy_energy_petr_resi_ratio_resi_cons_res",""
"yy_energy_petr_resi_ratio_resi_cons",2032,2.11552612490021,"yy_energy_petr_resi_ratio_resi_cons_res",""
"yy_energy_petr_resi_ratio_resi_cons",2033,2.11552612490021,"yy_energy_petr_resi_ratio_resi_cons_res",""
"yy_energy_petr_resi_ratio_resi_cons",2034,2.11552612490021,"yy_energy_petr_resi_ratio_resi_cons_res",""
"yy_energy_petr_cops_ratio_cops_cons",2023,9.44376826214271,"yy_energy_petr_cops_ratio_cops_cons_res",""
"yy_energy_petr_cops_ratio_cops_cons",2024,9.44376826214271,"yy_energy_petr_cops_ratio_cops_cons_res",""
"yy_energy_petr_cops_ratio_cops_cons",2025,9.35,"yy_energy_petr_cops_ratio_cops_cons_res",""
"yy_energy_petr_cops_ratio_cops_cons",2026,9.3,"yy_energy_petr_cops_ratio_cops_cons_res",""
"yy_energy_petr_cops_ratio_cops_cons",2027,9.25,"yy_energy_petr_cops_ratio_cops_cons_res",""
"yy_energy_petr_cops_ratio_cops_cons",2028,9.2,"yy_energy_petr_cops_ratio_cops_cons_res",""
"yy_energy_petr_cops_ratio_cops_cons",2029,9.15,"yy_energy_petr_cops_ratio_cops_cons_res",""
"yy_energy_petr_cops_ratio_cops_cons",2030,9.1,"yy_energy_petr_cops_ratio_cops_cons_res",""
"yy_energy_petr_cops_ratio_cops_cons",2031,9.05,"yy_energy_petr_cops_ratio_cops_cons_res",""
"yy_energy_petr_cops_ratio_cops_cons",2032,9,"yy_energy_petr_cops_ratio_cops_cons_res",""
"yy_energy_petr_cops_ratio_cops_cons",2033,8.9,"yy_energy_petr_cops_ratio_cops_cons_res",""
"yy_energy_petr_cops_ratio_cops_cons",2034,8.8,"yy_energy_petr_cops_ratio_cops_cons_res",""
"yy_energy_elec_loss_ratio_gen",2023,4.21760880568401,"yy_energy_elec_loss_ratio_gen_res",""
"yy_energy_elec_loss_ratio_gen",2024,4.29541375085441,"yy_energy_elec_loss_ratio_gen_res",""
"yy_energy_elec_loss_ratio_gen",2025,4.35077014649765,"yy_energy_elec_loss_ratio_gen_res",""
"yy_energy_elec_loss_ratio_gen",2026,4.40610442182628,"yy_energy_elec_loss_ratio_gen_res",""
"yy_energy_elec_loss_ratio_gen",2027,4.37067266486906,"yy_energy_elec_loss_ratio_gen_res",""
"yy_energy_elec_loss_ratio_gen",2028,4.32811395794628,"yy_energy_elec_loss_ratio_gen_res",""
"yy_energy_elec_loss_ratio_gen",2029,4.35021498839874,"yy_energy_elec_loss_ratio_gen_res",""
"yy_energy_elec_loss_ratio_gen",2030,4.3611752359076,"yy_energy_elec_loss_ratio_gen_res",""
"yy_energy_elec_loss_ratio_gen",2031,4.36325625378959,"yy_energy_elec_loss_ratio_gen_res",""
"yy_energy_elec_loss_ratio_gen",2032,4.35468662018226,"yy_energy_elec_loss_ratio_gen_res",""
"yy_energy_elec_loss_ratio_gen",2033,4.3514894112449,"yy_energy_elec_loss_ratio_gen_res",""
"yy_energy_elec_loss_ratio_gen",2034,4.35616450190462,"yy_energy_elec_loss_ratio_gen_res",""
"yy_energy_resi_cons",2023,0.895399612267389,"yy_energy_resi_cons_res","pct"
"yy_energy_resi_cons",2024,-0.177520951974541,"yy_energy_resi_cons_res","pct"
"yy_energy_resi_cons",2025,-0.125822433692868,"yy_energy_resi_cons_res","pct"
"yy_energy_resi_cons",2026,-0.276516541428296,"yy_energy_resi_cons_res","pct"
"yy_energy_resi_cons",2027,-0.221367692825847,"yy_energy_resi_cons_res","pct"
"yy_energy_resi_cons",2028,-0.352514536514581,"yy_energy_resi_cons_res","pct"
"yy_energy_resi_cons",2029,-0.270531405806695,"yy_energy_resi_cons_res","pct"
"yy_energy_resi_cons",2030,-0.418718782410266,"yy_energy_resi_cons_res","pct"
"yy_energy_resi_cons",2031,-0.355603391898607,"yy_energy_resi_cons_res","pct"
"yy_energy_resi_cons",2032,-0.498001613688626,"yy_energy_resi_cons_res","pct"
"yy_energy_resi_cons",2033,-0.428910365917889,"yy_energy_resi_cons_res","pct"
"yy_energy_resi_cons",2034,-0.5656620467556,"yy_energy_resi_cons_res","pct"
"yy_energy_ind_cons",2023,1.91625609787773,"yy_energy_ind_cons_res","pct"
"yy_energy_ind_cons",2024,0.92294133942894,"yy_energy_ind_cons_res","pct"
"yy_energy_ind_cons",2025,1.02313352217898,"yy_energy_ind_cons_res","pct"
"yy_energy_ind_cons",2026,1.27707408292712,"yy_energy_ind_cons_res","pct"
"yy_energy_ind_cons",2027,0.953291025832903,"yy_energy_ind_cons_res","pct"
"yy_energy_ind_cons",2028,1.11445566300121,"yy_energy_ind_cons_res","pct"
"yy_energy_ind_cons",2029,1.28659602027728,"yy_energy_ind_cons_res","pct"
"yy_energy_ind_cons",2030,0.997979174643193,"yy_energy_ind_cons_res","pct"
"yy_energy_ind_cons",2031,0.586947317693753,"yy_energy_ind_cons_res","pct"
"yy_energy_ind_cons",2032,0.570271605865447,"yy_energy_ind_cons_res","pct"
"yy_energy_ind_cons",2033,0.563975533000072,"yy_energy_ind_cons_res","pct"
"yy_energy_ind_cons",2034,0.560081981118632,"yy_energy_ind_cons_res","pct"
"yy_energy_cops_cons",2023,0.764553778573385,"yy_energy_cops_cons_res","pct"
"yy_energy_cops_cons",2024,0.761538570375353,"yy_energy_cops_cons_res","pct"
"yy_energy_cops_cons",2025,0.777041734994222,"yy_energy_cops_cons_res","pct"
"yy_energy_cops_cons",2026,1.20412391817006,"yy_energy_cops_cons_res","pct"
"yy_energy_cops_cons",2027,1.12192852296358,"yy_energy_cops_cons_res","pct"
"yy_energy_cops_cons",2028,1.2263613617463,"yy_energy_cops_cons_res","pct"
"yy_energy_cops_cons",2029,1.3556432366421,"yy_energy_cops_cons_res","pct"
"yy_energy_cops_cons",2030,1.35855238889353,"yy_energy_cops_cons_res","pct"
"yy_energy_cops_cons",2031,1.39820109587343,"yy_energy_cops_cons_res","pct"
"yy_energy_cops_cons",2032,1.42402923166209,"yy_energy_cops_cons_res","pct"
"yy_energy_cops_cons",2033,1.44602977812918,"yy_energy_cops_cons_res","pct"
"yy_energy_cops_cons",2034,1.46405384806707,"yy_energy_cops_cons_res","pct"
"yy_energy_trans_cons",2023,5.40990802875718,"yy_energy_trans_cons_res","pct"
"yy_energy_trans_cons",2024,2.71400568845241,"yy_energy_trans_cons_res","pct"
"yy_energy_trans_cons",2025,1.51350126621907,"yy_energy_trans_cons_res","pct"
"yy_energy_trans_cons",2026,1.45350374847266,"yy_energy_trans_cons_res","pct"
"yy_energy_trans_cons",2027,1.19250518988381,"yy_energy_trans_cons_res","pct"
"yy_energy_trans_cons",2028,1.48925532546187,"yy_energy_trans_cons_res","pct"
"yy_energy_trans_cons",2029,1.57202175859925,"yy_energy_trans_cons_res","pct"
"yy_energy_trans_cons",2030,1.08720371078317,"yy_energy_trans_cons_res","pct"
"yy_energy_trans_cons",2031,1.07223897010329,"yy_energy_trans_cons_res","pct"
"yy_energy_trans_cons",2032,1.06882445206251,"yy_energy_trans_cons_res","pct"
"yy_energy_trans_cons",2033,1.03934150757128,"yy_energy_trans_cons_res","pct"
"yy_energy_trans_cons",2034,1.0977911866459,"yy_energy_trans_cons_res","pct"
"yy_energy_elec_cons",2023,1.4069450854606,"yy_energy_elec_cons_res","pct"
"yy_energy_elec_cons",2024,0.618775793190363,"yy_energy_elec_cons_res","pct"
"yy_energy_elec_cons",2025,1.16849354318618,"yy_energy_elec_cons_res","pct"
"yy_energy_elec_cons",2026,1.18963869647717,"yy_energy_elec_cons_res","pct"
"yy_energy_elec_cons",2027,0.9061276733068,"yy_energy_elec_cons_res","pct"
"yy_energy_elec_cons",2028,1.12946752237248,"yy_energy_elec_cons_res","pct"
"yy_energy_elec_cons",2029,1.15962497640782,"yy_energy_elec_cons_res","pct"
"yy_energy_elec_cons",2030,0.876862208405083,"yy_energy_elec_cons_res","pct"
"yy_energy_elec_cons",2031,0.866395735632897,"yy_energy_elec_cons_res","pct"
"yy_energy_elec_cons",2032,0.860604408518606,"yy_energy_elec_cons_res","pct"
"yy_energy_elec_cons",2033,0.857303511728991,"yy_energy_elec_cons_res","pct"
"yy_energy_elec_cons",2034,0.852999248395725,"yy_energy_elec_cons_res","pct"
"yy_energy_oth_cons",2023,0.76453245328949,"yy_energy_oth_cons_res","pct"
"yy_energy_oth_cons",2024,1.20953858562098,"yy_energy_oth_cons_res","pct"
"yy_energy_oth_cons",2025,0.887499940053948,"yy_energy_oth_cons_res","pct"
"yy_energy_oth_cons",2026,1.59796428002166,"yy_energy_oth_cons_res","pct"
"yy_energy_oth_cons",2027,1.91396233779066,"yy_energy_oth_cons_res","pct"
"yy_energy_oth_cons",2028,1.93036962160433,"yy_energy_oth_cons_res","pct"
"yy_energy_oth_cons",2029,2.00660486806776,"yy_energy_oth_cons_res","pct"
"yy_energy_oth_cons",2030,1.88783060928763,"yy_energy_oth_cons_res","pct"
"yy_energy_oth_cons",2031,1.74472914445081,"yy_energy_oth_cons_res","pct"
"yy_energy_oth_cons",2032,1.62826697644436,"yy_energy_oth_cons_res","pct"
"yy_energy_oth_cons",2033,1.53386068410117,"yy_energy_oth_cons_res","pct"
"yy_energy_oth_cons",2034,1.457671378709,"yy_energy_oth_cons_res","pct"
"yy_energy_petr_gas_dd",2023,10.5085765284634,"yy_energy_petr_gas_dd_res","pct"
"yy_energy_petr_gas_dd",2024,2.38782824119992,"yy_energy_petr_gas_dd_res","pct"
"yy_energy_petr_gas_dd",2025,1.00597610807185,"yy_energy_petr_gas_dd_res","pct"
"yy_energy_petr_gas_dd",2026,1.0840542896392,"yy_energy_petr_gas_dd_res","pct"
"yy_energy_petr_gas_dd",2027,0.745708726917038,"yy_energy_petr_gas_dd_res","pct"
"yy_energy_petr_gas_dd",2028,0.840522705592495,"yy_energy_petr_gas_dd_res","pct"
"yy_energy_petr_gas_dd",2029,0.595182436618069,"yy_energy_petr_gas_dd_res","pct"
"yy_energy_petr_gas_dd",2030,0.549278318879654,"yy_energy_petr_gas_dd_res","pct"
"yy_energy_petr_gas_dd",2031,0.650820203794544,"yy_energy_petr_gas_dd_res","pct"
"yy_energy_petr_gas_dd",2032,1.14143853073152,"yy_energy_petr_gas_dd_res","pct"
"yy_energy_petr_gas_dd",2033,0.406733943578153,"yy_energy_petr_gas_dd_res","pct"
"yy_energy_petr_gas_dd",2034,0.653537840914042,"yy_energy_petr_gas_dd_res","pct"
"yy_energy_petr_dis_dd",2023,12.797358911361,"yy_energy_petr_dis_dd_res","pct"
"yy_energy_petr_dis_dd",2024,1.10834360003893,"yy_energy_petr_dis_dd_res","pct"
"yy_energy_petr_dis_dd",2025,1.0867120351977,"yy_energy_petr_dis_dd_res","pct"
"yy_energy_petr_dis_dd",2026,1.13142643849453,"yy_energy_petr_dis_dd_res","pct"
"yy_energy_petr_dis_dd",2027,0.846309965946546,"yy_energy_petr_dis_dd_res","pct"
"yy_energy_petr_dis_dd",2028,0.838569908011966,"yy_energy_petr_dis_dd_res","pct"
"yy_energy_petr_dis_dd",2029,0.941451613449096,"yy_energy_petr_dis_dd_res","pct"
"yy_energy_petr_dis_dd",2030,0.82653395317025,"yy_energy_petr_dis_dd_res","pct"
"yy_energy_petr_dis_dd",2031,0.801873059794467,"yy_energy_petr_dis_dd_res","pct"
"yy_energy_petr_dis_dd",2032,0.787077228984856,"yy_energy_petr_dis_dd_res","pct"
"yy_energy_petr_dis_dd",2033,0.76198065736055,"yy_energy_petr_dis_dd_res","pct"
"yy_energy_petr_dis_dd",2034,0.797565815813961,"yy_energy_petr_dis_dd_res","pct"
"yy_energy_elec_cons_ind_ratio_elec_gdec",2023,30.4696729252935,"yy_energy_elec_cons_ind_ratio_elec_gdec_res",""
"yy_energy_elec_cons_ind_ratio_elec_gdec",2024,29.4,"yy_energy_elec_cons_ind_ratio_elec_gdec_res",""
"yy_energy_elec_cons_ind_ratio_elec_gdec",2025,29.4,"yy_energy_elec_cons_ind_ratio_elec_gdec_res",""
"yy_energy_elec_cons_ind_ratio_elec_gdec",2026,29.4,"yy_energy_elec_cons_ind_ratio_elec_gdec_res",""
"yy_energy_elec_cons_ind_ratio_elec_gdec",2027,29.4,"yy_energy_elec_cons_ind_ratio_elec_gdec_res",""
"yy_energy_elec_cons_ind_ratio_elec_gdec",2028,29.4,"yy_energy_elec_cons_ind_ratio_elec_gdec_res",""
"yy_energy_elec_cons_ind_ratio_elec_gdec",2029,29.4,"yy_energy_elec_cons_ind_ratio_elec_gdec_res",""
"yy_energy_elec_cons_ind_ratio_elec_gdec",2030,29.4,"yy_energy_elec_cons_ind_ratio_elec_gdec_res",""
"yy_energy_elec_cons_ind_ratio_elec_gdec",2031,29.4,"yy_energy_elec_cons_ind_ratio_elec_gdec_res",""
"yy_energy_elec_cons_ind_ratio_elec_gdec",2032,29.4,"yy_energy_elec_cons_ind_ratio_elec_gdec_res",""
"yy_energy_elec_cons_ind_ratio_elec_gdec",2033,29.4,"yy_energy_elec_cons_ind_ratio_elec_gdec_res",""
"yy_energy_elec_cons_ind_ratio_elec_gdec",2034,29.4,"yy_energy_elec_cons_ind_ratio_elec_gdec_res",""
"yy_energy_elec_cons_trans_ratio_elec_gdec",2023,2.63150909073424,"yy_energy_elec_cons_trans_ratio_elec_gdec_res",""
"yy_energy_elec_cons_trans_ratio_elec_gdec",2024,2.58599758848729,"yy_energy_elec_cons_trans_ratio_elec_gdec_res",""
"yy_energy_elec_cons_trans_ratio_elec_gdec",2025,2.58599758848729,"yy_energy_elec_cons_trans_ratio_elec_gdec_res",""
"yy_energy_elec_cons_trans_ratio_elec_gdec",2026,2.58599758848729,"yy_energy_elec_cons_trans_ratio_elec_gdec_res",""
"yy_energy_elec_cons_trans_ratio_elec_gdec",2027,2.58599758848729,"yy_energy_elec_cons_trans_ratio_elec_gdec_res",""
"yy_energy_elec_cons_trans_ratio_elec_gdec",2028,2.58599758848729,"yy_energy_elec_cons_trans_ratio_elec_gdec_res",""
"yy_energy_elec_cons_trans_ratio_elec_gdec",2029,2.58599758848729,"yy_energy_elec_cons_trans_ratio_elec_gdec_res",""
"yy_energy_elec_cons_trans_ratio_elec_gdec",2030,2.58599758848729,"yy_energy_elec_cons_trans_ratio_elec_gdec_res",""
"yy_energy_elec_cons_trans_ratio_elec_gdec",2031,2.58599758848729,"yy_energy_elec_cons_trans_ratio_elec_gdec_res",""
"yy_energy_elec_cons_trans_ratio_elec_gdec",2032,2.58599758848729,"yy_energy_elec_cons_trans_ratio_elec_gdec_res",""
"yy_energy_elec_cons_trans_ratio_elec_gdec",2033,2.58599758848729,"yy_energy_elec_cons_trans_ratio_elec_gdec_res",""
"yy_energy_elec_cons_trans_ratio_elec_gdec",2034,2.58599758848729,"yy_energy_elec_cons_trans_ratio_elec_gdec_res",""
"yy_energy_elec_cons_resi_ratio_elec_gdec",2023,26.4850341420584,"yy_energy_elec_cons_resi_ratio_elec_gdec_res",""
"yy_energy_elec_cons_resi_ratio_elec_gdec",2024,24.3575129320455,"yy_energy_elec_cons_resi_ratio_elec_gdec_res",""
"yy_energy_elec_cons_resi_ratio_elec_gdec",2025,24.3575129320455,"yy_energy_elec_cons_resi_ratio_elec_gdec_res",""
"yy_energy_elec_cons_resi_ratio_elec_gdec",2026,24.3575129320455,"yy_energy_elec_cons_resi_ratio_elec_gdec_res",""
"yy_energy_elec_cons_resi_ratio_elec_gdec",2027,24.3575129320455,"yy_energy_elec_cons_resi_ratio_elec_gdec_res",""
"yy_energy_elec_cons_resi_ratio_elec_gdec",2028,24.3575129320455,"yy_energy_elec_cons_resi_ratio_elec_gdec_res",""
"yy_energy_elec_cons_resi_ratio_elec_gdec",2029,24.3575129320455,"yy_energy_elec_cons_resi_ratio_elec_gdec_res",""
"yy_energy_elec_cons_resi_ratio_elec_gdec",2030,24.3575129320455,"yy_energy_elec_cons_resi_ratio_elec_gdec_res",""
"yy_energy_elec_cons_resi_ratio_elec_gdec",2031,24.3575129320455,"yy_energy_elec_cons_resi_ratio_elec_gdec_res",""
"yy_energy_elec_cons_resi_ratio_elec_gdec",2032,24.3575129320455,"yy_energy_elec_cons_resi_ratio_elec_gdec_res",""
"yy_energy_elec_cons_resi_ratio_elec_gdec",2033,24.3575129320455,"yy_energy_elec_cons_resi_ratio_elec_gdec_res",""
"yy_energy_elec_cons_resi_ratio_elec_gdec",2034,24.3575129320455,"yy_energy_elec_cons_resi_ratio_elec_gdec_res",""
"yy_energy_elec_cons_cops_ratio_elec_gdec",2023,24.5803827073409,"yy_energy_elec_cons_cops_ratio_elec_gdec_res",""
"yy_energy_elec_cons_cops_ratio_elec_gdec",2024,27.7081164275044,"yy_energy_elec_cons_cops_ratio_elec_gdec_res",""
"yy_energy_elec_cons_cops_ratio_elec_gdec",2025,27.7081164275044,"yy_energy_elec_cons_cops_ratio_elec_gdec_res",""
"yy_energy_elec_cons_cops_ratio_elec_gdec",2026,27.7081164275044,"yy_energy_elec_cons_cops_ratio_elec_gdec_res",""
"yy_energy_elec_cons_cops_ratio_elec_gdec",2027,27.7081164275044,"yy_energy_elec_cons_cops_ratio_elec_gdec_res",""
"yy_energy_elec_cons_cops_ratio_elec_gdec",2028,27.7081164275044,"yy_energy_elec_cons_cops_ratio_elec_gdec_res",""
"yy_energy_elec_cons_cops_ratio_elec_gdec",2029,27.7081164275044,"yy_energy_elec_cons_cops_ratio_elec_gdec_res",""
"yy_energy_elec_cons_cops_ratio_elec_gdec",2030,27.7081164275044,"yy_energy_elec_cons_cops_ratio_elec_gdec_res",""
"yy_energy_elec_cons_cops_ratio_elec_gdec",2031,27.7081164275044,"yy_energy_elec_cons_cops_ratio_elec_gdec_res",""
"yy_energy_elec_cons_cops_ratio_elec_gdec",2032,27.7081164275044,"yy_energy_elec_cons_cops_ratio_elec_gdec_res",""
"yy_energy_elec_cons_cops_ratio_elec_gdec",2033,27.7081164275044,"yy_energy_elec_cons_cops_ratio_elec_gdec_res",""
"yy_energy_elec_cons_cops_ratio_elec_gdec",2034,27.7081164275044,"yy_energy_elec_cons_cops_ratio_elec_gdec_res",""
"yy_energy_elec_cons_oth_ratio_elec_gdec",2023,15.833401134573,"yy_energy_elec_cons_oth_ratio_elec_gdec_res",""
"yy_energy_elec_cons_oth_ratio_elec_gdec",2024,13.5415080596376,"yy_energy_elec_cons_oth_ratio_elec_gdec_res",""
"yy_energy_elec_cons_oth_ratio_elec_gdec",2025,13.5415080596376,"yy_energy_elec_cons_oth_ratio_elec_gdec_res",""
"yy_energy_elec_cons_oth_ratio_elec_gdec",2026,13.5415080596376,"yy_energy_elec_cons_oth_ratio_elec_gdec_res",""
"yy_energy_elec_cons_oth_ratio_elec_gdec",2027,13.5415080596376,"yy_energy_elec_cons_oth_ratio_elec_gdec_res",""
"yy_energy_elec_cons_oth_ratio_elec_gdec",2028,13.5415080596376,"yy_energy_elec_cons_oth_ratio_elec_gdec_res",""
"yy_energy_elec_cons_oth_ratio_elec_gdec",2029,13.5415080596376,"yy_energy_elec_cons_oth_ratio_elec_gdec_res",""
"yy_energy_elec_cons_oth_ratio_elec_gdec",2030,13.5415080596376,"yy_energy_elec_cons_oth_ratio_elec_gdec_res",""
"yy_energy_elec_cons_oth_ratio_elec_gdec",2031,13.5415080596376,"yy_energy_elec_cons_oth_ratio_elec_gdec_res",""
"yy_energy_elec_cons_oth_ratio_elec_gdec",2032,13.5415080596376,"yy_energy_elec_cons_oth_ratio_elec_gdec_res",""
"yy_energy_elec_cons_oth_ratio_elec_gdec",2033,13.5415080596376,"yy_energy_elec_cons_oth_ratio_elec_gdec_res",""
"yy_energy_elec_cons_oth_ratio_elec_gdec",2034,13.5415080596376,"yy_energy_elec_cons_oth_ratio_elec_gdec_res",""
"yy_energy_petr_oth_ratio_oth_cons",2023,0,"yy_energy_petr_oth_ratio_oth_cons_res",""
"yy_energy_petr_oth_ratio_oth_cons",2024,0,"yy_energy_petr_oth_ratio_oth_cons_res",""
"yy_energy_petr_oth_ratio_oth_cons",2025,0,"yy_energy_petr_oth_ratio_oth_cons_res",""
"yy_energy_petr_oth_ratio_oth_cons",2026,0,"yy_energy_petr_oth_ratio_oth_cons_res",""
"yy_energy_petr_oth_ratio_oth_cons",2027,0,"yy_energy_petr_oth_ratio_oth_cons_res",""
"yy_energy_petr_oth_ratio_oth_cons",2028,0,"yy_energy_petr_oth_ratio_oth_cons_res",""
"yy_energy_petr_oth_ratio_oth_cons",2029,0,"yy_energy_petr_oth_ratio_oth_cons_res",""
"yy_energy_petr_oth_ratio_oth_cons",2030,0,"yy_energy_petr_oth_ratio_oth_cons_res",""
"yy_energy_petr_oth_ratio_oth_cons",2031,0,"yy_energy_petr_oth_ratio_oth_cons_res",""
"yy_energy_petr_oth_ratio_oth_cons",2032,0,"yy_energy_petr_oth_ratio_oth_cons_res",""
"yy_energy_petr_oth_ratio_oth_cons",2033,0,"yy_energy_petr_oth_ratio_oth_cons_res",""
"yy_energy_petr_oth_ratio_oth_cons",2034,0,"yy_energy_petr_oth_ratio_oth_cons_res",""
"yy_energy_petr_cru_prod",2023,0,"yy_energy_petr_cru_prod_res",""
"yy_energy_petr_cru_prod",2024,-24,"yy_energy_petr_cru_prod_res",""
"yy_energy_petr_cru_prod",2025,-28,"yy_energy_petr_cru_prod_res",""
"yy_energy_petr_cru_prod",2026,-15,"yy_energy_petr_cru_prod_res",""
"yy_energy_petr_cru_prod",2027,-8,"yy_energy_petr_cru_prod_res",""
"yy_energy_petr_cru_prod",2028,-5,"yy_energy_petr_cru_prod_res",""
"yy_energy_petr_cru_prod",2029,-5,"yy_energy_petr_cru_prod_res",""
"yy_energy_petr_cru_prod",2030,-5,"yy_energy_petr_cru_prod_res",""
"yy_energy_petr_cru_prod",2031,-5,"yy_energy_petr_cru_prod_res",""
"yy_energy_petr_cru_prod",2032,-7,"yy_energy_petr_cru_prod_res",""
"yy_energy_petr_cru_prod",2033,-10,"yy_energy_petr_cru_prod_res",""
"yy_energy_petr_cru_prod",2034,-10,"yy_energy_petr_cru_prod_res",""
"yy_energy_natg_ind_ratio_ind_cons",2023,25.002697336766,"yy_energy_natg_ind_ratio_ind_cons_res",""
"yy_energy_natg_ind_ratio_ind_cons",2024,25.302697336766,"yy_energy_natg_ind_ratio_ind_cons_res",""
"yy_energy_natg_ind_ratio_ind_cons",2025,25.602697336766,"yy_energy_natg_ind_ratio_ind_cons_res",""
"yy_energy_natg_ind_ratio_ind_cons",2026,25.902697336766,"yy_energy_natg_ind_ratio_ind_cons_res",""
"yy_energy_natg_ind_ratio_ind_cons",2027,26.202697336766,"yy_energy_natg_ind_ratio_ind_cons_res",""
"yy_energy_natg_ind_ratio_ind_cons",2028,26.502697336766,"yy_energy_natg_ind_ratio_ind_cons_res",""
"yy_energy_natg_ind_ratio_ind_cons",2029,26.802697336766,"yy_energy_natg_ind_ratio_ind_cons_res",""
"yy_energy_natg_ind_ratio_ind_cons",2030,27.102697336766,"yy_energy_natg_ind_ratio_ind_cons_res",""
"yy_energy_natg_ind_ratio_ind_cons",2031,27.402697336766,"yy_energy_natg_ind_ratio_ind_cons_res",""
"yy_energy_natg_ind_ratio_ind_cons",2032,27.702697336766,"yy_energy_natg_ind_ratio_ind_cons_res",""
"yy_energy_natg_ind_ratio_ind_cons",2033,28.002697336766,"yy_energy_natg_ind_ratio_ind_cons_res",""
"yy_energy_natg_ind_ratio_ind_cons",2034,28.302697336766,"yy_energy_natg_ind_ratio_ind_cons_res",""
"yy_energy_natg_resi_ratio_resi_cons",2023,30.1739462468212,"yy_energy_natg_resi_ratio_resi_cons_res",""
"yy_energy_natg_resi_ratio_resi_cons",2024,30.6817333358849,"yy_energy_natg_resi_ratio_resi_cons_res",""
"yy_energy_natg_resi_ratio_resi_cons",2025,31.3627756702221,"yy_energy_natg_resi_ratio_resi_cons_res",""
"yy_energy_natg_resi_ratio_resi_cons",2026,31.0586434568992,"yy_energy_natg_resi_ratio_resi_cons_res",""
"yy_energy_natg_resi_ratio_resi_cons",2027,30.8727667126941,"yy_energy_natg_resi_ratio_resi_cons_res",""
"yy_energy_natg_resi_ratio_resi_cons",2028,30.8299730845043,"yy_energy_natg_resi_ratio_resi_cons_res",""
"yy_energy_natg_resi_ratio_resi_cons",2029,30.9611784520409,"yy_energy_natg_resi_ratio_resi_cons_res",""
"yy_energy_natg_resi_ratio_resi_cons",2030,31.0170674752721,"yy_energy_natg_resi_ratio_resi_cons_res",""
"yy_energy_natg_resi_ratio_resi_cons",2031,30.9479258362821,"yy_energy_natg_resi_ratio_resi_cons_res",""
"yy_energy_natg_resi_ratio_resi_cons",2032,30.9257823121587,"yy_energy_natg_resi_ratio_resi_cons_res",""
"yy_energy_natg_resi_ratio_resi_cons",2033,30.9363854320516,"yy_energy_natg_resi_ratio_resi_cons_res",""
"yy_energy_natg_resi_ratio_resi_cons",2034,30.9576679015611,"yy_energy_natg_resi_ratio_resi_cons_res",""
"yy_energy_natg_cops_ratio_cops_cons",2023,14.1444942051021,"yy_energy_natg_cops_ratio_cops_cons_res",""
"yy_energy_natg_cops_ratio_cops_cons",2024,14.0444942051021,"yy_energy_natg_cops_ratio_cops_cons_res",""
"yy_energy_natg_cops_ratio_cops_cons",2025,13.9444942051021,"yy_energy_natg_cops_ratio_cops_cons_res",""
"yy_energy_natg_cops_ratio_cops_cons",2026,13.8444942051021,"yy_energy_natg_cops_ratio_cops_cons_res",""
"yy_energy_natg_cops_ratio_cops_cons",2027,13.7444942051021,"yy_energy_natg_cops_ratio_cops_cons_res",""
"yy_energy_natg_cops_ratio_cops_cons",2028,13.5444942051021,"yy_energy_natg_cops_ratio_cops_cons_res",""
"yy_energy_natg_cops_ratio_cops_cons",2029,13.3444942051021,"yy_energy_natg_cops_ratio_cops_cons_res",""
"yy_energy_natg_cops_ratio_cops_cons",2030,13.1444942051021,"yy_energy_natg_cops_ratio_cops_cons_res",""
"yy_energy_natg_cops_ratio_cops_cons",2031,12.9444942051021,"yy_energy_natg_cops_ratio_cops_cons_res",""
"yy_energy_natg_cops_ratio_cops_cons",2032,12.7444942051021,"yy_energy_natg_cops_ratio_cops_cons_res",""
"yy_energy_natg_cops_ratio_cops_cons",2033,12.5444942051021,"yy_energy_natg_cops_ratio_cops_cons_res",""
"yy_energy_natg_cops_ratio_cops_cons",2034,12.3444942051021,"yy_energy_natg_cops_ratio_cops_cons_res",""
"yy_energy_natg_oth_ratio_oth_cons",2023,1.13614233189464,"yy_energy_natg_oth_ratio_oth_cons_res",""
"yy_energy_natg_oth_ratio_oth_cons",2024,1.13614233189464,"yy_energy_natg_oth_ratio_oth_cons_res",""
"yy_energy_natg_oth_ratio_oth_cons",2025,1.13614233189464,"yy_energy_natg_oth_ratio_oth_cons_res",""
"yy_energy_natg_oth_ratio_oth_cons",2026,1.13614233189464,"yy_energy_natg_oth_ratio_oth_cons_res",""
"yy_energy_natg_oth_ratio_oth_cons",2027,1.13614233189464,"yy_energy_natg_oth_ratio_oth_cons_res",""
"yy_energy_natg_oth_ratio_oth_cons",2028,1.13614233189464,"yy_energy_natg_oth_ratio_oth_cons_res",""
"yy_energy_natg_oth_ratio_oth_cons",2029,1.13614233189464,"yy_energy_natg_oth_ratio_oth_cons_res",""
"yy_energy_natg_oth_ratio_oth_cons",2030,1.13614233189464,"yy_energy_natg_oth_ratio_oth_cons_res",""
"yy_energy_natg_oth_ratio_oth_cons",2031,1.13614233189464,"yy_energy_natg_oth_ratio_oth_cons_res",""
"yy_energy_natg_oth_ratio_oth_cons",2032,1.13614233189464,"yy_energy_natg_oth_ratio_oth_cons_res",""
"yy_energy_natg_oth_ratio_oth_cons",2033,1.13614233189464,"yy_energy_natg_oth_ratio_oth_cons_res",""
"yy_energy_natg_oth_ratio_oth_cons",2034,1.13614233189464,"yy_energy_natg_oth_ratio_oth_cons_res",""
"yy_energy_natg_trans_ratio_trans_cons",2023,1.32865255424088,"yy_energy_natg_trans_ratio_trans_cons_res",""
"yy_energy_natg_trans_ratio_trans_cons",2024,1.27865255424088,"yy_energy_natg_trans_ratio_trans_cons_res",""
"yy_energy_natg_trans_ratio_trans_cons",2025,1.22865255424088,"yy_energy_natg_trans_ratio_trans_cons_res",""
"yy_energy_natg_trans_ratio_trans_cons",2026,1.17865255424088,"yy_energy_natg_trans_ratio_trans_cons_res",""
"yy_energy_natg_trans_ratio_trans_cons",2027,1.12865255424088,"yy_energy_natg_trans_ratio_trans_cons_res",""
"yy_energy_natg_trans_ratio_trans_cons",2028,1.07865255424088,"yy_energy_natg_trans_ratio_trans_cons_res",""
"yy_energy_natg_trans_ratio_trans_cons",2029,1.02865255424088,"yy_energy_natg_trans_ratio_trans_cons_res",""
"yy_energy_natg_trans_ratio_trans_cons",2030,0.978652554240877,"yy_energy_natg_trans_ratio_trans_cons_res",""
"yy_energy_natg_trans_ratio_trans_cons",2031,0.928652554240877,"yy_energy_natg_trans_ratio_trans_cons_res",""
"yy_energy_natg_trans_ratio_trans_cons",2032,0.878652554240877,"yy_energy_natg_trans_ratio_trans_cons_res",""
"yy_energy_natg_trans_ratio_trans_cons",2033,0.828652554240877,"yy_energy_natg_trans_ratio_trans_cons_res",""
"yy_energy_natg_trans_ratio_trans_cons",2034,0.778652554240877,"yy_energy_natg_trans_ratio_trans_cons_res",""
"yy_energy_coal_ind_ratio_ind_cons",2023,9.75124525321882,"yy_energy_coal_ind_ratio_ind_cons_res",""
"yy_energy_coal_ind_ratio_ind_cons",2024,9.70124525321882,"yy_energy_coal_ind_ratio_ind_cons_res",""
"yy_energy_coal_ind_ratio_ind_cons",2025,9.65124525321882,"yy_energy_coal_ind_ratio_ind_cons_res",""
"yy_energy_coal_ind_ratio_ind_cons",2026,9.60124525321882,"yy_energy_coal_ind_ratio_ind_cons_res",""
"yy_energy_coal_ind_ratio_ind_cons",2027,9.55124525321882,"yy_energy_coal_ind_ratio_ind_cons_res",""
"yy_energy_coal_ind_ratio_ind_cons",2028,9.50124525321882,"yy_energy_coal_ind_ratio_ind_cons_res",""
"yy_energy_coal_ind_ratio_ind_cons",2029,9.40124525321882,"yy_energy_coal_ind_ratio_ind_cons_res",""
"yy_energy_coal_ind_ratio_ind_cons",2030,9.30124525321882,"yy_energy_coal_ind_ratio_ind_cons_res",""
"yy_energy_coal_ind_ratio_ind_cons",2031,9.20124525321882,"yy_energy_coal_ind_ratio_ind_cons_res",""
"yy_energy_coal_ind_ratio_ind_cons",2032,9.10124525321882,"yy_energy_coal_ind_ratio_ind_cons_res",""
"yy_energy_coal_ind_ratio_ind_cons",2033,9.00124525321882,"yy_energy_coal_ind_ratio_ind_cons_res",""
"yy_energy_coal_ind_ratio_ind_cons",2034,8.90124525321882,"yy_energy_coal_ind_ratio_ind_cons_res",""
"yy_energy_coal_resi_ratio_resi_cons",2023,0,"yy_energy_coal_resi_ratio_resi_cons_res",""
"yy_energy_coal_resi_ratio_resi_cons",2024,0,"yy_energy_coal_resi_ratio_resi_cons_res",""
"yy_energy_coal_resi_ratio_resi_cons",2025,0,"yy_energy_coal_resi_ratio_resi_cons_res",""
"yy_energy_coal_resi_ratio_resi_cons",2026,0,"yy_energy_coal_resi_ratio_resi_cons_res",""
"yy_energy_coal_resi_ratio_resi_cons",2027,0,"yy_energy_coal_resi_ratio_resi_cons_res",""
"yy_energy_coal_resi_ratio_resi_cons",2028,0,"yy_energy_coal_resi_ratio_resi_cons_res",""
"yy_energy_coal_resi_ratio_resi_cons",2029,0,"yy_energy_coal_resi_ratio_resi_cons_res",""
"yy_energy_coal_resi_ratio_resi_cons",2030,0,"yy_energy_coal_resi_ratio_resi_cons_res",""
"yy_energy_coal_resi_ratio_resi_cons",2031,0,"yy_energy_coal_resi_ratio_resi_cons_res",""
"yy_energy_coal_resi_ratio_resi_cons",2032,0,"yy_energy_coal_resi_ratio_resi_cons_res",""
"yy_energy_coal_resi_ratio_resi_cons",2033,0,"yy_energy_coal_resi_ratio_resi_cons_res",""
"yy_energy_coal_resi_ratio_resi_cons",2034,0,"yy_energy_coal_resi_ratio_resi_cons_res",""
"yy_energy_coal_cops_ratio_cops_cons",2023,0.0471610624706407,"yy_energy_coal_cops_ratio_cops_cons_res",""
"yy_energy_coal_cops_ratio_cops_cons",2024,0.0471610624706407,"yy_energy_coal_cops_ratio_cops_cons_res",""
"yy_energy_coal_cops_ratio_cops_cons",2025,0.0471610624706407,"yy_energy_coal_cops_ratio_cops_cons_res",""
"yy_energy_coal_cops_ratio_cops_cons",2026,0.0471610624706407,"yy_energy_coal_cops_ratio_cops_cons_res",""
"yy_energy_coal_cops_ratio_cops_cons",2027,0.0471610624706407,"yy_energy_coal_cops_ratio_cops_cons_res",""
"yy_energy_coal_cops_ratio_cops_cons",2028,0.0471610624706407,"yy_energy_coal_cops_ratio_cops_cons_res",""
"yy_energy_coal_cops_ratio_cops_cons",2029,0.0471610624706407,"yy_energy_coal_cops_ratio_cops_cons_res",""
"yy_energy_coal_cops_ratio_cops_cons",2030,0.0471610624706407,"yy_energy_coal_cops_ratio_cops_cons_res",""
"yy_energy_coal_cops_ratio_cops_cons",2031,0.0471610624706407,"yy_energy_coal_cops_ratio_cops_cons_res",""
"yy_energy_coal_cops_ratio_cops_cons",2032,0.0471610624706407,"yy_energy_coal_cops_ratio_cops_cons_res",""
"yy_energy_coal_cops_ratio_cops_cons",2033,0.0471610624706407,"yy_energy_coal_cops_ratio_cops_cons_res",""
"yy_energy_coal_cops_ratio_cops_cons",2034,0.0471610624706407,"yy_energy_coal_cops_ratio_cops_cons_res",""
"yy_energy_coal_trans_ratio_trans_cons",2023,0,"yy_energy_coal_trans_ratio_trans_cons_res",""
"yy_energy_coal_trans_ratio_trans_cons",2024,0,"yy_energy_coal_trans_ratio_trans_cons_res",""
"yy_energy_coal_trans_ratio_trans_cons",2025,0,"yy_energy_coal_trans_ratio_trans_cons_res",""
"yy_energy_coal_trans_ratio_trans_cons",2026,0,"yy_energy_coal_trans_ratio_trans_cons_res",""
"yy_energy_coal_trans_ratio_trans_cons",2027,0,"yy_energy_coal_trans_ratio_trans_cons_res",""
"yy_energy_coal_trans_ratio_trans_cons",2028,0,"yy_energy_coal_trans_ratio_trans_cons_res",""
"yy_energy_coal_trans_ratio_trans_cons",2029,0,"yy_energy_coal_trans_ratio_trans_cons_res",""
"yy_energy_coal_trans_ratio_trans_cons",2030,0,"yy_energy_coal_trans_ratio_trans_cons_res",""
"yy_energy_coal_trans_ratio_trans_cons",2031,0,"yy_energy_coal_trans_ratio_trans_cons_res",""
"yy_energy_coal_trans_ratio_trans_cons",2032,0,"yy_energy_coal_trans_ratio_trans_cons_res",""
"yy_energy_coal_trans_ratio_trans_cons",2033,0,"yy_energy_coal_trans_ratio_trans_cons_res",""
"yy_energy_coal_trans_ratio_trans_cons",2034,0,"yy_energy_coal_trans_ratio_trans_cons_res",""
"yy_energy_coal_oth_ratio_oth_cons",2023,0,"yy_energy_coal_oth_ratio_oth_cons_res",""
"yy_energy_coal_oth_ratio_oth_cons",2024,0,"yy_energy_coal_oth_ratio_oth_cons_res",""
"yy_energy_coal_oth_ratio_oth_cons",2025,0,"yy_energy_coal_oth_ratio_oth_cons_res",""
"yy_energy_coal_oth_ratio_oth_cons",2026,0,"yy_energy_coal_oth_ratio_oth_cons_res",""
"yy_energy_coal_oth_ratio_oth_cons",2027,0,"yy_energy_coal_oth_ratio_oth_cons_res",""
"yy_energy_coal_oth_ratio_oth_cons",2028,0,"yy_energy_coal_oth_ratio_oth_cons_res",""
"yy_energy_coal_oth_ratio_oth_cons",2029,0,"yy_energy_coal_oth_ratio_oth_cons_res",""
"yy_energy_coal_oth_ratio_oth_cons",2030,0,"yy_energy_coal_oth_ratio_oth_cons_res",""
"yy_energy_coal_oth_ratio_oth_cons",2031,0,"yy_energy_coal_oth_ratio_oth_cons_res",""
"yy_energy_coal_oth_ratio_oth_cons",2032,0,"yy_energy_coal_oth_ratio_oth_cons_res",""
"yy_energy_coal_oth_ratio_oth_cons",2033,0,"yy_energy_coal_oth_ratio_oth_cons_res",""
"yy_energy_coal_oth_ratio_oth_cons",2034,0,"yy_energy_coal_oth_ratio_oth_cons_res",""
"yy_energy_corw_biog_dd_ratio_petr_biof_trans",2023,0.528384904651978,"yy_energy_corw_biog_dd_ratio_petr_biof_trans_res",""
"yy_energy_corw_biog_dd_ratio_petr_biof_trans",2024,0.553384904651978,"yy_energy_corw_biog_dd_ratio_petr_biof_trans_res",""
"yy_energy_corw_biog_dd_ratio_petr_biof_trans",2025,0.578384904651978,"yy_energy_corw_biog_dd_ratio_petr_biof_trans_res",""
"yy_energy_corw_biog_dd_ratio_petr_biof_trans",2026,0.603384904651978,"yy_energy_corw_biog_dd_ratio_petr_biof_trans_res",""
"yy_energy_corw_biog_dd_ratio_petr_biof_trans",2027,0.628384904651978,"yy_energy_corw_biog_dd_ratio_petr_biof_trans_res",""
"yy_energy_corw_biog_dd_ratio_petr_biof_trans",2028,0.653384904651978,"yy_energy_corw_biog_dd_ratio_petr_biof_trans_res",""
"yy_energy_corw_biog_dd_ratio_petr_biof_trans",2029,0.678384904651978,"yy_energy_corw_biog_dd_ratio_petr_biof_trans_res",""
"yy_energy_corw_biog_dd_ratio_petr_biof_trans",2030,0.703384904651978,"yy_energy_corw_biog_dd_ratio_petr_biof_trans_res",""
"yy_energy_corw_biog_dd_ratio_petr_biof_trans",2031,0.728384904651978,"yy_energy_corw_biog_dd_ratio_petr_biof_trans_res",""
"yy_energy_corw_biog_dd_ratio_petr_biof_trans",2032,0.753384904651978,"yy_energy_corw_biog_dd_ratio_petr_biof_trans_res",""
"yy_energy_corw_biog_dd_ratio_petr_biof_trans",2033,0.778384904651978,"yy_energy_corw_biog_dd_ratio_petr_biof_trans_res",""
"yy_energy_corw_biog_dd_ratio_petr_biof_trans",2034,0.803384904651978,"yy_energy_corw_biog_dd_ratio_petr_biof_trans_res",""
"yy_energy_corw_biod_dd_ratio_petr_biof_trans",2023,0.00354750307805414,"yy_energy_corw_biod_dd_ratio_petr_biof_trans_res",""
"yy_energy_corw_biod_dd_ratio_petr_biof_trans",2024,0.00354750307805414,"yy_energy_corw_biod_dd_ratio_petr_biof_trans_res",""
"yy_energy_corw_biod_dd_ratio_petr_biof_trans",2025,0.00354750307805414,"yy_energy_corw_biod_dd_ratio_petr_biof_trans_res",""
"yy_energy_corw_biod_dd_ratio_petr_biof_trans",2026,0.00354750307805414,"yy_energy_corw_biod_dd_ratio_petr_biof_trans_res",""
"yy_energy_corw_biod_dd_ratio_petr_biof_trans",2027,0.00354750307805414,"yy_energy_corw_biod_dd_ratio_petr_biof_trans_res",""
"yy_energy_corw_biod_dd_ratio_petr_biof_trans",2028,0.00354750307805414,"yy_energy_corw_biod_dd_ratio_petr_biof_trans_res",""
"yy_energy_corw_biod_dd_ratio_petr_biof_trans",2029,0.00354750307805414,"yy_energy_corw_biod_dd_ratio_petr_biof_trans_res",""
"yy_energy_corw_biod_dd_ratio_petr_biof_trans",2030,0.00354750307805414,"yy_energy_corw_biod_dd_ratio_petr_biof_trans_res",""
"yy_energy_corw_biod_dd_ratio_petr_biof_trans",2031,0.00354750307805414,"yy_energy_corw_biod_dd_ratio_petr_biof_trans_res",""
"yy_energy_corw_biod_dd_ratio_petr_biof_trans",2032,0.00354750307805414,"yy_energy_corw_biod_dd_ratio_petr_biof_trans_res",""
"yy_energy_corw_biod_dd_ratio_petr_biof_trans",2033,0.00354750307805414,"yy_energy_corw_biod_dd_ratio_petr_biof_trans_res",""
"yy_energy_corw_biod_dd_ratio_petr_biof_trans",2034,0.00354750307805414,"yy_energy_corw_biod_dd_ratio_petr_biof_trans_res",""
"yy_energy_corw_biof_oth_dd_ratio_petr_biof_trans",2023,0,"yy_energy_corw_biof_oth_dd_ratio_petr_biof_trans_res",""
"yy_energy_corw_biof_oth_dd_ratio_petr_biof_trans",2024,0,"yy_energy_corw_biof_oth_dd_ratio_petr_biof_trans_res",""
"yy_energy_corw_biof_oth_dd_ratio_petr_biof_trans",2025,0,"yy_energy_corw_biof_oth_dd_ratio_petr_biof_trans_res",""
"yy_energy_corw_biof_oth_dd_ratio_petr_biof_trans",2026,0,"yy_energy_corw_biof_oth_dd_ratio_petr_biof_trans_res",""
"yy_energy_corw_biof_oth_dd_ratio_petr_biof_trans",2027,0,"yy_energy_corw_biof_oth_dd_ratio_petr_biof_trans_res",""
"yy_energy_corw_biof_oth_dd_ratio_petr_biof_trans",2028,0,"yy_energy_corw_biof_oth_dd_ratio_petr_biof_trans_res",""
"yy_energy_corw_biof_oth_dd_ratio_petr_biof_trans",2029,0,"yy_energy_corw_biof_oth_dd_ratio_petr_biof_trans_res",""
"yy_energy_corw_biof_oth_dd_ratio_petr_biof_trans",2030,0,"yy_energy_corw_biof_oth_dd_ratio_petr_biof_trans_res",""
"yy_energy_corw_biof_oth_dd_ratio_petr_biof_trans",2031,0,"yy_energy_corw_biof_oth_dd_ratio_petr_biof_trans_res",""
"yy_energy_corw_biof_oth_dd_ratio_petr_biof_trans",2032,0,"yy_energy_corw_biof_oth_dd_ratio_petr_biof_trans_res",""
"yy_energy_corw_biof_oth_dd_ratio_petr_biof_trans",2033,0,"yy_energy_corw_biof_oth_dd_ratio_petr_biof_trans_res",""
"yy_energy_corw_biof_oth_dd_ratio_petr_biof_trans",2034,0,"yy_energy_corw_biof_oth_dd_ratio_petr_biof_trans_res",""
"yy_energy_coal_gdec",2023,3.63877372562012,"yy_energy_coal_gdec_res","pct"
"yy_energy_coal_gdec",2024,-4.53931450008259,"yy_energy_coal_gdec_res","pct"
"yy_energy_coal_gdec",2025,-3.58220611479944,"yy_energy_coal_gdec_res","pct"
"yy_energy_coal_gdec",2026,-3.63511182092547,"yy_energy_coal_gdec_res","pct"
"yy_energy_coal_gdec",2027,-4.30058632809966,"yy_energy_coal_gdec_res","pct"
"yy_energy_coal_gdec",2028,-5.21565873761816,"yy_energy_coal_gdec_res","pct"
"yy_energy_coal_gdec",2029,-7.53402000611859,"yy_energy_coal_gdec_res","pct"
"yy_energy_coal_gdec",2030,-7.44278061064885,"yy_energy_coal_gdec_res","pct"
"yy_energy_coal_gdec",2031,-6.24256968680052,"yy_energy_coal_gdec_res","pct"
"yy_energy_coal_gdec",2032,-6.96752193236394,"yy_energy_coal_gdec_res","pct"
"yy_energy_coal_gdec",2033,-7.30899685568099,"yy_energy_coal_gdec_res","pct"
"yy_energy_coal_gdec",2034,-6.91894609049081,"yy_energy_coal_gdec_res","pct"
"yy_energy_coal_prod_change",2024,22000,"yy_energy_coal_prod_change_res",""
"yy_energy_coal_prod_change",2025,2500,"yy_energy_coal_prod_change_res",""
"yy_energy_coal_prod_change",2026,2500,"yy_energy_coal_prod_change_res",""
"yy_energy_coal_prod_change",2027,500,"yy_energy_coal_prod_change_res",""
"yy_energy_coal_prod_change",2028,100,"yy_energy_coal_prod_change_res",""
"yy_energy_coal_prod_change",2029,-1500,"yy_energy_coal_prod_change_res",""
"yy_energy_coal_prod_change",2030,-2500,"yy_energy_coal_prod_change_res",""
"yy_energy_coal_prod_change",2031,-3000,"yy_energy_coal_prod_change_res",""
"yy_energy_coal_prod_change",2032,-4000,"yy_energy_coal_prod_change_res",""
"yy_energy_coal_prod_change",2033,-4000,"yy_energy_coal_prod_change_res",""
"yy_energy_coal_prod_change",2034,-5000,"yy_energy_coal_prod_change_res",""
"yy_energy_coem_coal",2023,-1.90000000000001,"yy_energy_coem_coal_res","pct"
"yy_energy_coem_coal",2024,-4.5393145000826,"yy_energy_coem_coal_res","pct"
"yy_energy_coem_coal",2025,-3.58220611479943,"yy_energy_coem_coal_res","pct"
"yy_energy_coem_coal",2026,-3.63511182092547,"yy_energy_coem_coal_res","pct"
"yy_energy_coem_coal",2027,-4.30058632809967,"yy_energy_coem_coal_res","pct"
"yy_energy_coem_coal",2028,-5.21565873761813,"yy_energy_coem_coal_res","pct"
"yy_energy_coem_coal",2029,-7.53402000611861,"yy_energy_coem_coal_res","pct"
"yy_energy_coem_coal",2030,-7.44278061064884,"yy_energy_coem_coal_res","pct"
"yy_energy_coem_coal",2031,-6.24256968680051,"yy_energy_coem_coal_res","pct"
"yy_energy_coem_coal",2032,-6.96752193236394,"yy_energy_coem_coal_res","pct"
"yy_energy_coem_coal",2033,-7.30899685568099,"yy_energy_coem_coal_res","pct"
"yy_energy_coem_coal",2034,-6.91894609049081,"yy_energy_coem_coal_res","pct"
"yy_energy_coem_natg",2023,-2.6,"yy_energy_coem_natg_res","pct"
"yy_energy_coem_natg",2024,1.05204577336991,"yy_energy_coem_natg_res","pct"
"yy_energy_coem_natg",2025,1.75195050832934,"yy_energy_coem_natg_res","pct"
"yy_energy_coem_natg",2026,1.06643185252533,"yy_energy_coem_natg_res","pct"
"yy_energy_coem_natg",2027,1.34969246922214,"yy_energy_coem_natg_res","pct"
"yy_energy_coem_natg",2028,1.34360154361552,"yy_energy_coem_natg_res","pct"
"yy_energy_coem_natg",2029,-0.0922686347013085,"yy_energy_coem_natg_res","pct"
"yy_energy_coem_natg",2030,-0.421201110263188,"yy_energy_coem_natg_res","pct"
"yy_energy_coem_natg",2031,0.0740972222636714,"yy_energy_coem_natg_res","pct"
"yy_energy_coem_natg",2032,0.610212533685092,"yy_energy_coem_natg_res","pct"
"yy_energy_coem_natg",2033,0.669249740267229,"yy_energy_coem_natg_res","pct"
"yy_energy_coem_natg",2034,0.69943413102053,"yy_energy_coem_natg_res","pct"
"yy_energy_coem_oil",2023,5.52363533992921,"yy_energy_coem_oil_res","pct"
"yy_energy_coem_oil",2024,1.51195164391137,"yy_energy_coem_oil_res","pct"
"yy_energy_coem_oil",2025,0.948235845842673,"yy_energy_coem_oil_res","pct"
"yy_energy_coem_oil",2026,0.794925982719617,"yy_energy_coem_oil_res","pct"
"yy_energy_coem_oil",2027,0.799092185995497,"yy_energy_coem_oil_res","pct"
"yy_energy_coem_oil",2028,0.935128583035051,"yy_energy_coem_oil_res","pct"
"yy_energy_coem_oil",2029,0.84867718492456,"yy_energy_coem_oil_res","pct"
"yy_energy_coem_oil",2030,0.686364754804244,"yy_energy_coem_oil_res","pct"
"yy_energy_coem_oil",2031,0.467981039825606,"yy_energy_coem_oil_res","pct"
"yy_energy_coem_oil",2032,0.574390144790864,"yy_energy_coem_oil_res","pct"
"yy_energy_coem_oil",2033,0.604705549090527,"yy_energy_coem_oil_res","pct"
"yy_energy_coem_oil",2034,0.642292207046232,"yy_energy_coem_oil_res","pct"
"yy_energy_coem_oth",2023,0.5601,"yy_energy_coem_oth_res",""
"yy_energy_coem_oth",2024,0.5601,"yy_energy_coem_oth_res",""
"yy_energy_coem_oth",2025,0.5601,"yy_energy_coem_oth_res",""
"yy_energy_coem_oth",2026,0.5601,"yy_energy_coem_oth_res",""
"yy_energy_coem_oth",2027,0.5601,"yy_energy_coem_oth_res",""
"yy_energy_coem_oth",2028,0.5601,"yy_energy_coem_oth_res",""
"yy_energy_coem_oth",2029,0.5601,"yy_energy_coem_oth_res",""
"yy_energy_coem_oth",2030,0.5601,"yy_energy_coem_oth_res",""
"yy_energy_coem_oth",2031,0.5601,"yy_energy_coem_oth_res",""
"yy_energy_coem_oth",2032,0.5601,"yy_energy_coem_oth_res",""
"yy_energy_coem_oth",2033,0.5601,"yy_energy_coem_oth_res",""
"yy_energy_coem_oth",2034,0.5601,"yy_energy_coem_oth_res",""
"yy_energy_com_net_cap",2024,320,"yy_energy_com_net_cap_res",""
"yy_energy_com_net_cap",2025,508,"yy_energy_com_net_cap_res",""
"yy_energy_com_net_cap",2026,-980,"yy_energy_com_net_cap_res",""
"yy_energy_com_net_cap",2027,0,"yy_energy_com_net_cap_res",""
"yy_energy_com_net_cap",2028,-3230,"yy_energy_com_net_cap_res",""
"yy_energy_com_net_cap",2029,-1500,"yy_energy_com_net_cap_res",""
"yy_energy_com_net_cap",2030,-1139,"yy_energy_com_net_cap_res",""
"yy_energy_com_net_cap",2031,-1360,"yy_energy_com_net_cap_res",""
"yy_energy_com_net_cap",2032,-900,"yy_energy_com_net_cap_res",""
"yy_energy_com_net_cap",2033,-1980,"yy_energy_com_net_cap_res",""
"yy_energy_com_net_cap",2034,0,"yy_energy_com_net_cap_res",""
"yy_energy_corw_gdec",2024,1.251700729837,"yy_energy_corw_gdec_res","pct"
"yy_energy_corw_gdec",2025,1.23983904501664,"yy_energy_corw_gdec_res","pct"
"yy_energy_corw_gdec",2026,1.22905755516135,"yy_energy_corw_gdec_res","pct"
"yy_energy_corw_gdec",2027,1.20135436622355,"yy_energy_corw_gdec_res","pct"
"yy_energy_corw_gdec",2028,1.17566781935175,"yy_energy_corw_gdec_res","pct"
"yy_energy_corw_gdec",2029,1.15960925920148,"yy_energy_corw_gdec_res","pct"
"yy_energy_corw_gdec",2030,1.14054091171441,"yy_energy_corw_gdec_res","pct"
"yy_energy_corw_gdec",2031,1.12086987453379,"yy_energy_corw_gdec_res","pct"
"yy_energy_corw_gdec",2032,1.10132164959968,"yy_energy_corw_gdec_res","pct"
"yy_energy_corw_gdec",2033,1.08242739421596,"yy_energy_corw_gdec_res","pct"
"yy_energy_corw_gdec",2034,1.06455634847214,"yy_energy_corw_gdec_res","pct"
"yy_energy_elec_gdec",2024,0.61877579319036,"yy_energy_elec_gdec_res","pct"
"yy_energy_elec_gdec",2025,1.16849354318619,"yy_energy_elec_gdec_res","pct"
"yy_energy_elec_gdec",2026,1.18963869647719,"yy_energy_elec_gdec_res","pct"
"yy_energy_elec_gdec",2027,0.906127673306781,"yy_energy_elec_gdec_res","pct"
"yy_energy_elec_gdec",2028,1.1294675223725,"yy_energy_elec_gdec_res","pct"
"yy_energy_elec_gdec",2029,1.15962497640783,"yy_energy_elec_gdec_res","pct"
"yy_energy_elec_gdec",2030,0.876862208405089,"yy_energy_elec_gdec_res","pct"
"yy_energy_elec_gdec",2031,0.866395735632905,"yy_energy_elec_gdec_res","pct"
"yy_energy_elec_gdec",2032,0.860604408518585,"yy_energy_elec_gdec_res","pct"
"yy_energy_elec_gdec",2033,0.857303511728983,"yy_energy_elec_gdec_res","pct"
"yy_energy_elec_gdec",2034,0.85299924839574,"yy_energy_elec_gdec_res","pct"
"yy_energy_elec_grec_coal_ratio_elec_grec_com",2024,68.194491295273,"yy_energy_elec_grec_coal_ratio_elec_grec_com_res",""
"yy_energy_elec_grec_coal_ratio_elec_grec_com",2025,67.194491295273,"yy_energy_elec_grec_coal_ratio_elec_grec_com_res",""
"yy_energy_elec_grec_coal_ratio_elec_grec_com",2026,66.194491295273,"yy_energy_elec_grec_coal_ratio_elec_grec_com_res",""
"yy_energy_elec_grec_coal_ratio_elec_grec_com",2027,64.994491295273,"yy_energy_elec_grec_coal_ratio_elec_grec_com_res",""
"yy_energy_elec_grec_coal_ratio_elec_grec_com",2028,63.494491295273,"yy_energy_elec_grec_coal_ratio_elec_grec_com_res",""
"yy_energy_elec_grec_coal_ratio_elec_grec_com",2029,61.994491295273,"yy_energy_elec_grec_coal_ratio_elec_grec_com_res",""
"yy_energy_elec_grec_coal_ratio_elec_grec_com",2030,60.494491295273,"yy_energy_elec_grec_coal_ratio_elec_grec_com_res",""
"yy_energy_elec_grec_coal_ratio_elec_grec_com",2031,58.994491295273,"yy_energy_elec_grec_coal_ratio_elec_grec_com_res",""
"yy_energy_elec_grec_coal_ratio_elec_grec_com",2032,56.994491295273,"yy_energy_elec_grec_coal_ratio_elec_grec_com_res",""
"yy_energy_elec_grec_coal_ratio_elec_grec_com",2033,54.994491295273,"yy_energy_elec_grec_coal_ratio_elec_grec_com_res",""
"yy_energy_elec_grec_coal_ratio_elec_grec_com",2034,52.994491295273,"yy_energy_elec_grec_coal_ratio_elec_grec_com_res",""
"yy_energy_elec_grec_com",2024,-3.58967473458817,"yy_energy_elec_grec_com_res","pct"
"yy_energy_elec_grec_com",2025,-2.43698615794613,"yy_energy_elec_grec_com_res","pct"
"yy_energy_elec_grec_com",2026,-2.84006255161212,"yy_energy_elec_grec_com_res","pct"
"yy_energy_elec_grec_com",2027,-2.99999999999999,"yy_energy_elec_grec_com_res","pct"
"yy_energy_elec_grec_com",2028,-3.57838205542299,"yy_energy_elec_grec_com_res","pct"
"yy_energy_elec_grec_com",2029,-5.95816264487358,"yy_energy_elec_grec_com_res","pct"
"yy_energy_elec_grec_com",2030,-6.39542069591745,"yy_energy_elec_grec_com_res","pct"
"yy_energy_elec_grec_com",2031,-4.53039920505164,"yy_energy_elec_grec_com_res","pct"
"yy_energy_elec_grec_com",2032,-4.4977776277718,"yy_energy_elec_grec_com_res","pct"
"yy_energy_elec_grec_com",2033,-4.98470521862723,"yy_energy_elec_grec_com_res","pct"
"yy_energy_elec_grec_com",2034,-4.69999999999999,"yy_energy_elec_grec_com_res","pct"
"yy_energy_elec_grec_geot",2024,0,"yy_energy_elec_grec_geot_res",""
"yy_energy_elec_grec_geot",2025,0,"yy_energy_elec_grec_geot_res",""
"yy_energy_elec_grec_geot",2026,0,"yy_energy_elec_grec_geot_res",""
"yy_energy_elec_grec_geot",2027,0,"yy_energy_elec_grec_geot_res",""
"yy_energy_elec_grec_geot",2028,0,"yy_energy_elec_grec_geot_res",""
"yy_energy_elec_grec_geot",2029,0,"yy_energy_elec_grec_geot_res",""
"yy_energy_elec_grec_geot",2030,0,"yy_energy_elec_grec_geot_res",""
"yy_energy_elec_grec_geot",2031,0,"yy_energy_elec_grec_geot_res",""
"yy_energy_elec_grec_geot",2032,0,"yy_energy_elec_grec_geot_res",""
"yy_energy_elec_grec_geot",2033,0,"yy_energy_elec_grec_geot_res",""
"yy_energy_elec_grec_geot",2034,0,"yy_energy_elec_grec_geot_res",""
"yy_energy_elec_grec_hydr",2024,0,"yy_energy_elec_grec_hydr_res","pct"
"yy_energy_elec_grec_hydr",2025,0,"yy_energy_elec_grec_hydr_res","pct"
"yy_energy_elec_grec_hydr",2026,2.93323946967028,"yy_energy_elec_grec_hydr_res","pct"
"yy_energy_elec_grec_hydr",2027,0,"yy_energy_elec_grec_hydr_res","pct"
"yy_energy_elec_grec_hydr",2028,0,"yy_energy_elec_grec_hydr_res","pct"
"yy_energy_elec_grec_hydr",2029,25.0769406132452,"yy_energy_elec_grec_hydr_res","pct"
"yy_energy_elec_grec_hydr",2030,18.2265560922264,"yy_energy_elec_grec_hydr_res","pct"
"yy_energy_elec_grec_hydr",2031,2.31249518230171,"yy_energy_elec_grec_hydr_res","pct"
"yy_energy_elec_grec_hydr",2032,0,"yy_energy_elec_grec_hydr_res","pct"
"yy_energy_elec_grec_hydr",2033,1.50681835304752,"yy_energy_elec_grec_hydr_res","pct"
"yy_energy_elec_grec_hydr",2034,0,"yy_energy_elec_grec_hydr_res","pct"
"yy_energy_elec_grec_natg_ratio_elec_grec_com",2024,27.6466919532994,"yy_energy_elec_grec_natg_ratio_elec_grec_com_res",""
"yy_energy_elec_grec_natg_ratio_elec_grec_com",2025,28.7657135002731,"yy_energy_elec_grec_natg_ratio_elec_grec_com_res",""
"yy_energy_elec_grec_natg_ratio_elec_grec_com",2026,29.8741112784548,"yy_energy_elec_grec_natg_ratio_elec_grec_com_res",""
"yy_energy_elec_grec_natg_ratio_elec_grec_com",2027,31.1909154285899,"yy_energy_elec_grec_natg_ratio_elec_grec_com_res",""
"yy_energy_elec_grec_natg_ratio_elec_grec_com",2028,32.7995317501535,"yy_energy_elec_grec_natg_ratio_elec_grec_com_res",""
"yy_energy_elec_grec_natg_ratio_elec_grec_com",2029,34.4038269853193,"yy_energy_elec_grec_natg_ratio_elec_grec_com_res",""
"yy_energy_elec_grec_natg_ratio_elec_grec_com",2030,35.998832281565,"yy_energy_elec_grec_natg_ratio_elec_grec_com_res",""
"yy_energy_elec_grec_natg_ratio_elec_grec_com",2031,37.589855413173,"yy_energy_elec_grec_natg_ratio_elec_grec_com_res",""
"yy_energy_elec_grec_natg_ratio_elec_grec_com",2032,39.6781836466988,"yy_energy_elec_grec_natg_ratio_elec_grec_com_res",""
"yy_energy_elec_grec_natg_ratio_elec_grec_com",2033,41.7615577265737,"yy_energy_elec_grec_natg_ratio_elec_grec_com_res",""
"yy_energy_elec_grec_natg_ratio_elec_grec_com",2034,43.8405873362981,"yy_energy_elec_grec_natg_ratio_elec_grec_com_res",""
"yy_energy_elec_grec_nucl",2024,0,"yy_energy_elec_grec_nucl_res","pct"
"yy_energy_elec_grec_nucl",2025,0,"yy_energy_elec_grec_nucl_res","pct"
"yy_energy_elec_grec_nucl",2026,0,"yy_energy_elec_grec_nucl_res","pct"
"yy_energy_elec_grec_nucl",2027,0,"yy_energy_elec_grec_nucl_res","pct"
"yy_energy_elec_grec_nucl",2028,0,"yy_energy_elec_grec_nucl_res","pct"
"yy_energy_elec_grec_nucl",2029,0,"yy_energy_elec_grec_nucl_res","pct"
"yy_energy_elec_grec_nucl",2030,0,"yy_energy_elec_grec_nucl_res","pct"
"yy_energy_elec_grec_nucl",2031,0,"yy_energy_elec_grec_nucl_res","pct"
"yy_energy_elec_grec_nucl",2032,0,"yy_energy_elec_grec_nucl_res","pct"
"yy_energy_elec_grec_nucl",2033,0,"yy_energy_elec_grec_nucl_res","pct"
"yy_energy_elec_grec_nucl",2034,0,"yy_energy_elec_grec_nucl_res","pct"
"yy_energy_elec_grec_oil_ratio_elec_grec_com",2024,2.50530851867876,"yy_energy_elec_grec_oil_ratio_elec_grec_com_res",""
"yy_energy_elec_grec_oil_ratio_elec_grec_com",2025,2.38004309274482,"yy_energy_elec_grec_oil_ratio_elec_grec_com_res",""
"yy_energy_elec_grec_oil_ratio_elec_grec_com",2026,2.26104093810758,"yy_energy_elec_grec_oil_ratio_elec_grec_com_res",""
"yy_energy_elec_grec_oil_ratio_elec_grec_com",2027,2.1479888912022,"yy_energy_elec_grec_oil_ratio_elec_grec_com_res",""
"yy_energy_elec_grec_oil_ratio_elec_grec_com",2028,2.04058944664209,"yy_energy_elec_grec_oil_ratio_elec_grec_com_res",""
"yy_energy_elec_grec_oil_ratio_elec_grec_com",2029,1.93855997430998,"yy_energy_elec_grec_oil_ratio_elec_grec_com_res",""
"yy_energy_elec_grec_oil_ratio_elec_grec_com",2030,1.84163197559449,"yy_energy_elec_grec_oil_ratio_elec_grec_com_res",""
"yy_energy_elec_grec_oil_ratio_elec_grec_com",2031,1.74955037681476,"yy_energy_elec_grec_oil_ratio_elec_grec_com_res",""
"yy_energy_elec_grec_oil_ratio_elec_grec_com",2032,1.66207285797402,"yy_energy_elec_grec_oil_ratio_elec_grec_com_res",""
"yy_energy_elec_grec_oil_ratio_elec_grec_com",2033,1.57896921507532,"yy_energy_elec_grec_oil_ratio_elec_grec_com_res",""
"yy_energy_elec_grec_oil_ratio_elec_grec_com",2034,1.50002075432156,"yy_energy_elec_grec_oil_ratio_elec_grec_com_res",""
"yy_energy_elec_grec_sol",2024,10.5954205354728,"yy_energy_elec_grec_sol_res","pct"
"yy_energy_elec_grec_sol",2025,10.3979827913385,"yy_energy_elec_grec_sol_res","pct"
"yy_energy_elec_grec_sol",2026,9.41863476889026,"yy_energy_elec_grec_sol_res","pct"
"yy_energy_elec_grec_sol",2027,8.60788913038797,"yy_energy_elec_grec_sol_res","pct"
"yy_energy_elec_grec_sol",2028,8.91636450098081,"yy_energy_elec_grec_sol_res","pct"
"yy_energy_elec_grec_sol",2029,8.18643235278066,"yy_energy_elec_grec_sol_res","pct"
"yy_energy_elec_grec_sol",2030,7.06250315290319,"yy_energy_elec_grec_sol_res","pct"
"yy_energy_elec_grec_sol",2031,6.28249226468139,"yy_energy_elec_grec_sol_res","pct"
"yy_energy_elec_grec_sol",2032,5.91112621732256,"yy_energy_elec_grec_sol_res","pct"
"yy_energy_elec_grec_sol",2033,5.30215295315965,"yy_energy_elec_grec_sol_res","pct"
"yy_energy_elec_grec_sol",2034,4.63766579655221,"yy_energy_elec_grec_sol_res","pct"
"yy_energy_elec_grec_two",2023,0,"yy_energy_elec_grec_two_res",""
"yy_energy_elec_grec_two",2024,0,"yy_energy_elec_grec_two_res",""
"yy_energy_elec_grec_two",2025,0,"yy_energy_elec_grec_two_res",""
"yy_energy_elec_grec_two",2026,0,"yy_energy_elec_grec_two_res",""
"yy_energy_elec_grec_two",2027,0,"yy_energy_elec_grec_two_res",""
"yy_energy_elec_grec_two",2028,0,"yy_energy_elec_grec_two_res",""
"yy_energy_elec_grec_two",2029,0,"yy_energy_elec_grec_two_res",""
"yy_energy_elec_grec_two",2030,0,"yy_energy_elec_grec_two_res",""
"yy_energy_elec_grec_two",2031,0,"yy_energy_elec_grec_two_res",""
"yy_energy_elec_grec_two",2032,0,"yy_energy_elec_grec_two_res",""
"yy_energy_elec_grec_two",2033,0,"yy_energy_elec_grec_two_res",""
"yy_energy_elec_grec_two",2034,0,"yy_energy_elec_grec_two_res",""
"yy_energy_elec_grec_win",2024,13.4381778741866,"yy_energy_elec_grec_win_res","pct"
"yy_energy_elec_grec_win",2025,7.84929356357929,"yy_energy_elec_grec_win_res","pct"
"yy_energy_elec_grec_win",2026,7.27802037845706,"yy_energy_elec_grec_win_res","pct"
"yy_energy_elec_grec_win",2027,6.7842605156038,"yy_energy_elec_grec_win_res","pct"
"yy_energy_elec_grec_win",2028,7.41211351122404,"yy_energy_elec_grec_win_res","pct"
"yy_energy_elec_grec_win",2029,6.90063091482651,"yy_energy_elec_grec_win_res","pct"
"yy_energy_elec_grec_win",2030,6.91626706012543,"yy_energy_elec_grec_win_res","pct"
"yy_energy_elec_grec_win",2031,6.46886320510609,"yy_energy_elec_grec_win_res","pct"
"yy_energy_elec_grec_win",2032,6.48088139987037,"yy_energy_elec_grec_win_res","pct"
"yy_energy_elec_grec_win",2033,6.08642726719415,"yy_energy_elec_grec_win_res","pct"
"yy_energy_elec_grec_win",2034,6.45438898450948,"yy_energy_elec_grec_win_res","pct"
"yy_energy_geot_net_cap",2024,0,"yy_energy_geot_net_cap_res",""
"yy_energy_geot_net_cap",2025,0,"yy_energy_geot_net_cap_res",""
"yy_energy_geot_net_cap",2026,0,"yy_energy_geot_net_cap_res",""
"yy_energy_geot_net_cap",2027,0,"yy_energy_geot_net_cap_res",""
"yy_energy_geot_net_cap",2028,0,"yy_energy_geot_net_cap_res",""
"yy_energy_geot_net_cap",2029,0,"yy_energy_geot_net_cap_res",""
"yy_energy_geot_net_cap",2030,0,"yy_energy_geot_net_cap_res",""
"yy_energy_geot_net_cap",2031,0,"yy_energy_geot_net_cap_res",""
"yy_energy_geot_net_cap",2032,0,"yy_energy_geot_net_cap_res",""
"yy_energy_geot_net_cap",2033,0,"yy_energy_geot_net_cap_res",""
"yy_energy_geot_net_cap",2034,0,"yy_energy_geot_net_cap_res",""
"yy_energy_hydr_net_cap",2024,0,"yy_energy_hydr_net_cap_res",""
"yy_energy_hydr_net_cap",2025,0,"yy_energy_hydr_net_cap_res",""
"yy_energy_hydr_net_cap",2026,250,"yy_energy_hydr_net_cap_res",""
"yy_energy_hydr_net_cap",2027,0,"yy_energy_hydr_net_cap_res",""
"yy_energy_hydr_net_cap",2028,0,"yy_energy_hydr_net_cap_res",""
"yy_energy_hydr_net_cap",2029,2200,"yy_energy_hydr_net_cap_res",""
"yy_energy_hydr_net_cap",2030,2000,"yy_energy_hydr_net_cap_res",""
"yy_energy_hydr_net_cap",2031,300,"yy_energy_hydr_net_cap_res",""
"yy_energy_hydr_net_cap",2032,0,"yy_energy_hydr_net_cap_res",""
"yy_energy_hydr_net_cap",2033,200,"yy_energy_hydr_net_cap_res",""
"yy_energy_hydr_net_cap",2034,0,"yy_energy_hydr_net_cap_res",""
"yy_energy_natg_gdec",2024,1.05204577336991,"yy_energy_natg_gdec_res","pct"
"yy_energy_natg_gdec",2025,1.75195050832935,"yy_energy_natg_gdec_res","pct"
"yy_energy_natg_gdec",2026,1.06643185252533,"yy_energy_natg_gdec_res","pct"
"yy_energy_natg_gdec",2027,1.34969246922214,"yy_energy_natg_gdec_res","pct"
"yy_energy_natg_gdec",2028,1.34360154361552,"yy_energy_natg_gdec_res","pct"
"yy_energy_natg_gdec",2029,-0.0922686347013245,"yy_energy_natg_gdec_res","pct"
"yy_energy_natg_gdec",2030,-0.421201110263167,"yy_energy_natg_gdec_res","pct"
"yy_energy_natg_gdec",2031,0.0740972222636757,"yy_energy_natg_gdec_res","pct"
"yy_energy_natg_gdec",2032,0.610212533685091,"yy_energy_natg_gdec_res","pct"
"yy_energy_natg_gdec",2033,0.669249740267253,"yy_energy_natg_gdec_res","pct"
"yy_energy_natg_gdec",2034,0.699434131020528,"yy_energy_natg_gdec_res","pct"
"yy_energy_natg_prod_change",2024,-1500,"yy_energy_natg_prod_change_res",""
"yy_energy_natg_prod_change",2025,-2000,"yy_energy_natg_prod_change_res",""
"yy_energy_natg_prod_change",2026,300,"yy_energy_natg_prod_change_res",""
"yy_energy_natg_prod_change",2027,4900,"yy_energy_natg_prod_change_res",""
"yy_energy_natg_prod_change",2028,-2400,"yy_energy_natg_prod_change_res",""
"yy_energy_natg_prod_change",2029,-1700,"yy_energy_natg_prod_change_res",""
"yy_energy_natg_prod_change",2030,800,"yy_energy_natg_prod_change_res",""
"yy_energy_natg_prod_change",2031,-700,"yy_energy_natg_prod_change_res",""
"yy_energy_natg_prod_change",2032,-700,"yy_energy_natg_prod_change_res",""
"yy_energy_natg_prod_change",2033,-700,"yy_energy_natg_prod_change_res",""
"yy_energy_natg_prod_change",2034,-700,"yy_energy_natg_prod_change_res",""
"yy_energy_nucl_net_cap",2024,0,"yy_energy_nucl_net_cap_res",""
"yy_energy_nucl_net_cap",2025,0,"yy_energy_nucl_net_cap_res",""
"yy_energy_nucl_net_cap",2026,0,"yy_energy_nucl_net_cap_res",""
"yy_energy_nucl_net_cap",2027,0,"yy_energy_nucl_net_cap_res",""
"yy_energy_nucl_net_cap",2028,0,"yy_energy_nucl_net_cap_res",""
"yy_energy_nucl_net_cap",2029,0,"yy_energy_nucl_net_cap_res",""
"yy_energy_nucl_net_cap",2030,0,"yy_energy_nucl_net_cap_res",""
"yy_energy_nucl_net_cap",2031,0,"yy_energy_nucl_net_cap_res",""
"yy_energy_nucl_net_cap",2032,0,"yy_energy_nucl_net_cap_res",""
"yy_energy_nucl_net_cap",2033,0,"yy_energy_nucl_net_cap_res",""
"yy_energy_nucl_net_cap",2034,0,"yy_energy_nucl_net_cap_res",""
"yy_energy_nucl_reac",2020,0,"yy_energy_nucl_reac_res",""
"yy_energy_nucl_reac",2021,0,"yy_energy_nucl_reac_res",""
"yy_energy_nucl_reac",2022,0,"yy_energy_nucl_reac_res",""
"yy_energy_nucl_reac",2023,0,"yy_energy_nucl_reac_res",""
"yy_energy_nucl_reac",2024,0,"yy_energy_nucl_reac_res",""
"yy_energy_nucl_reac",2025,0,"yy_energy_nucl_reac_res",""
"yy_energy_nucl_reac",2026,0,"yy_energy_nucl_reac_res",""
"yy_energy_nucl_reac",2027,0,"yy_energy_nucl_reac_res",""
"yy_energy_nucl_reac",2028,0,"yy_energy_nucl_reac_res",""
"yy_energy_nucl_reac",2029,0,"yy_energy_nucl_reac_res",""
"yy_energy_nucl_reac",2030,0,"yy_energy_nucl_reac_res",""
"yy_energy_nucl_reac",2031,0,"yy_energy_nucl_reac_res",""
"yy_energy_nucl_reac",2032,0,"yy_energy_nucl_reac_res",""
"yy_energy_nucl_reac",2033,0,"yy_energy_nucl_reac_res",""
"yy_energy_nucl_reac",2034,0,"yy_energy_nucl_reac_res",""
"yy_energy_petr_gdec",2023,5.52363533992922,"yy_energy_petr_gdec_res","pct"
"yy_energy_petr_gdec",2024,1.51195164391138,"yy_energy_petr_gdec_res","pct"
"yy_energy_petr_gdec",2025,0.94823584584267,"yy_energy_petr_gdec_res","pct"
"yy_energy_petr_gdec",2026,0.79492598271963,"yy_energy_petr_gdec_res","pct"
"yy_energy_petr_gdec",2027,0.799092185995484,"yy_energy_petr_gdec_res","pct"
"yy_energy_petr_gdec",2028,0.93512858303506,"yy_energy_petr_gdec_res","pct"
"yy_energy_petr_gdec",2029,0.848677184924567,"yy_energy_petr_gdec_res","pct"
"yy_energy_petr_gdec",2030,0.686364754804244,"yy_energy_petr_gdec_res","pct"
"yy_energy_petr_gdec",2031,0.467981039825625,"yy_energy_petr_gdec_res","pct"
"yy_energy_petr_gdec",2032,0.574390144790842,"yy_energy_petr_gdec_res","pct"
"yy_energy_petr_gdec",2033,0.604705549090522,"yy_energy_petr_gdec_res","pct"
"yy_energy_petr_gdec",2034,0.642292207046248,"yy_energy_petr_gdec_res","pct"
"yy_energy_sol_net_cap",2025,4000,"yy_energy_sol_net_cap_res",""
"yy_energy_sol_net_cap",2026,4000,"yy_energy_sol_net_cap_res",""
"yy_energy_sol_net_cap",2027,4000,"yy_energy_sol_net_cap_res",""
"yy_energy_sol_net_cap",2028,4500,"yy_energy_sol_net_cap_res",""
"yy_energy_sol_net_cap",2029,4500,"yy_energy_sol_net_cap_res",""
"yy_energy_sol_net_cap",2030,4200,"yy_energy_sol_net_cap_res",""
"yy_energy_sol_net_cap",2031,4000,"yy_energy_sol_net_cap_res",""
"yy_energy_sol_net_cap",2032,4000,"yy_energy_sol_net_cap_res",""
"yy_energy_sol_net_cap",2033,3800,"yy_energy_sol_net_cap_res",""
"yy_energy_sol_net_cap",2034,3500,"yy_energy_sol_net_cap_res",""
"yy_energy_two_net_cap",2023,0,"yy_energy_two_net_cap_res",""
"yy_energy_two_net_cap",2024,0,"yy_energy_two_net_cap_res",""
"yy_energy_two_net_cap",2025,0,"yy_energy_two_net_cap_res",""
"yy_energy_two_net_cap",2026,0,"yy_energy_two_net_cap_res",""
"yy_energy_two_net_cap",2027,0,"yy_energy_two_net_cap_res",""
"yy_energy_two_net_cap",2028,0,"yy_energy_two_net_cap_res",""
"yy_energy_two_net_cap",2029,0,"yy_energy_two_net_cap_res",""
"yy_energy_two_net_cap",2030,0,"yy_energy_two_net_cap_res",""
"yy_energy_two_net_cap",2031,0,"yy_energy_two_net_cap_res",""
"yy_energy_two_net_cap",2032,0,"yy_energy_two_net_cap_res",""
"yy_energy_two_net_cap",2033,0,"yy_energy_two_net_cap_res",""
"yy_energy_two_net_cap",2034,0,"yy_energy_two_net_cap_res",""
"yy_energy_win_net_cap",2025,1200,"yy_energy_win_net_cap_res",""
"yy_energy_win_net_cap",2026,1200,"yy_energy_win_net_cap_res",""
"yy_energy_win_net_cap",2027,1200,"yy_energy_win_net_cap_res",""
"yy_energy_win_net_cap",2028,1400,"yy_energy_win_net_cap_res",""
"yy_energy_win_net_cap",2029,1400,"yy_energy_win_net_cap_res",""
"yy_energy_win_net_cap",2030,1500,"yy_energy_win_net_cap_res",""
"yy_energy_win_net_cap",2031,1500,"yy_energy_win_net_cap_res",""
"yy_energy_win_net_cap",2032,1600,"yy_energy_win_net_cap_res",""
"yy_energy_win_net_cap",2033,1600,"yy_energy_win_net_cap_res",""
"yy_energy_win_net_cap",2034,1800,"yy_energy_win_net_cap_res",""
